0,-23.589653,0.0000000,0.12631980E-11
1,-20.501289,3.0883636,0.27716010E-10
2,-18.093334,5.4963188,0.30795858E-09
3,-16.078079,7.5115738,0.23105025E-08
4,-14.337929,9.2517242,0.13165708E-07
5,-12.808190,10.781463,0.60785659E-07
6,-11.447886,12.141768,0.23690488E-06
7,-10.229300,13.360353,0.80130673E-06
8,-9.1320791,14.457574,0.24005788E-05
9,-8.1396303,15.450023,0.64763603E-05
10,-7.2397385,16.349915,0.15927553E-04
11,-6.4224663,17.167187,0.36064994E-04
12,-5.6800690,17.909584,0.75771335E-04
13,-5.0050659,18.584587,0.14881784E-03
14,-4.3911629,19.198490,0.27496013E-03
15,-3.8335381,19.756115,0.48022316E-03
16,-3.3280945,20.261559,0.79607585E-03
17,-2.8710995,20.718554,0.12572593E-02
18,-2.4584923,21.131161,0.18994064E-02
19,-2.0873146,21.502338,0.27530768E-02
20,-1.7548733,21.834780,0.38388022E-02
21,-1.4591370,22.130516,0.51597944E-02
22,-1.1972179,22.392435,0.67047467E-02
23,-0.96751976,22.622133,0.84360484E-02
24,-0.76743317,22.822220,0.10304704E-01
25,-0.59581184,22.993841,0.12234036E-01
26,-0.45127106,23.138382,0.14136537E-01
27,-0.33187675,23.257776,0.15929248E-01
28,-0.23635292,23.353300,0.17525917E-01
29,-0.16335106,23.426302,0.18853201E-01
30,-0.11182785,23.477825,0.19850036E-01
31,-0.80713272E-01,23.508940,0.20477371E-01
32,-0.68836212E-01,23.520817,0.20722032E-01
33,-0.75202942E-01,23.514450,0.20590520E-01
34,-0.98878860E-01,23.490774,0.20108746E-01
35,-0.13938904,23.450264,0.19310417E-01
36,-0.19574738,23.393906,0.18252213E-01
37,-0.26699829,23.322655,0.16996974E-01
38,-0.35225296,23.237400,0.15607955E-01
39,-0.45119667,23.138456,0.14137588E-01
40,-0.56325150,23.026402,0.12638936E-01
41,-0.68751526,22.902138,0.11162036E-01
42,-0.82369232,22.765961,0.97409766E-02
43,-0.97112846,22.618525,0.84056593E-02
44,-1.1291161,22.460537,0.71772598E-02
45,-1.2973423,22.292311,0.60659517E-02
46,-1.4753799,22.114273,0.50766608E-02
47,-1.6625366,21.927116,0.42101452E-02
48,-1.8583031,21.731350,0.34615989E-02
49,-2.0623016,21.527351,0.28228078E-02
50,-2.2743416,21.315311,0.22834607E-02
51,-2.4942989,21.095354,0.18325984E-02
52,-2.7211933,20.868460,0.14605898E-02
53,-2.9549084,20.634745,0.11561845E-02
54,-3.1950493,20.394604,0.90935879E-03
55,-3.4411945,20.148458,0.71094459E-03
56,-3.6930561,19.896597,0.55265444E-03
57,-3.9508934,19.638760,0.42704763E-03
58,-4.2138557,19.375797,0.32830177E-03
59,-4.4818268,19.107826,0.25112787E-03
60,-4.7546139,18.835039,0.19117229E-03
61,-5.0311985,18.558455,0.14497923E-03
62,-5.3118763,18.277777,0.10949870E-03
63,-5.5966320,17.993021,0.82364706E-04
64,-5.8849106,17.704742,0.61736690E-04
65,-6.1767864,17.412867,0.46108740E-04
66,-6.4721069,17.117546,0.34318415E-04
67,-6.7700100,16.819643,0.25477073E-04
68,-7.0709229,16.518730,0.18856659E-04
69,-7.3741493,16.215504,0.13924358E-04
70,-7.6796093,15.910044,0.10259249E-04
71,-7.9873972,15.602256,0.75412786E-05
72,-8.2973766,15.292276,0.55312416E-05
73,-8.6087275,14.980926,0.40513960E-05
74,-8.9215384,14.668115,0.29631433E-05
75,-9.2360935,14.353559,0.21634312E-05
76,-9.5517073,14.037946,0.15778793E-05
77,-9.8689766,13.720676,0.11489086E-05
78,-10.186931,13.402722,0.83598746E-06
79,-10.505198,13.084455,0.60810447E-06
80,-10.824144,12.765509,0.44203978E-06
81,-11.144284,12.445369,0.32094187E-06
82,-11.464613,12.125040,0.23297504E-06
83,-11.785115,11.804538,0.16908965E-06
84,-12.105729,11.483924,0.12270894E-06
85,-12.426154,11.163499,0.89067107E-07
86,-12.746656,10.842997,0.64643523E-07
87,-13.067553,10.522100,0.46898780E-07
88,-13.387715,10.201938,0.34049961E-07
89,-13.707535,9.8821182,0.24729811E-07
90,-14.026870,9.5627832,0.17969475E-07
91,-14.345618,9.2440348,0.13064858E-07
92,-14.663543,8.9261103,0.95067447E-08
93,-14.981124,8.6085291,0.69200312E-08
94,-15.297943,8.2917099,0.50409836E-08
95,-15.613638,7.9760151,0.36762984E-08
96,-15.928308,7.6613445,0.26838056E-08
97,-16.241583,7.3480701,0.19619941E-08
98,-16.554781,7.0348721,0.14344239E-08
99,-16.866978,6.7226753,0.10497653E-08
100,-17.177893,6.4117603,0.76924300E-09
101,-17.487616,6.1020374,0.56435528E-09
102,-17.795601,5.7940521,0.41475945E-09
103,-18.102289,5.4873638,0.30521313E-09
104,-18.408102,5.1815510,0.22479693E-09
105,-18.712078,4.8775749,0.16587284E-09
106,-19.014353,4.5753002,0.12260241E-09
107,-19.315372,4.2742805,0.90733539E-10
108,-19.614252,3.9754009,0.67292408E-10
109,-19.912069,3.6775837,0.49960376E-10
110,-20.208508,3.3811455,0.37143618E-10
111,-20.502823,3.0868301,0.27673539E-10
112,-20.795675,2.7939777,0.20648120E-10
113,-21.086624,2.5030289,0.15435582E-10
114,-21.375711,2.2139416,0.11560430E-10
115,-21.663639,1.9260139,0.86681938E-11
116,-21.950377,1.6392765,0.65072895E-11
117,-22.234741,1.3549118,0.48966842E-11
118,-22.517090,1.0725632,0.36921529E-11
119,-22.798086,0.79156685,0.27876902E-11
120,-23.076555,0.51309776,0.21101189E-11
121,-23.353191,0.23646164,0.16001674E-11
122,-23.628193,-0.38539886E-01,0.12154406E-11
123,-23.901674,-0.31202126,0.92461791E-12
124,-24.172840,-0.58318710,0.70501195E-12
125,-24.442766,-0.85311317,0.53823141E-12
126,-24.711329,-1.1216755,0.41146600E-12
127,-24.978104,-1.3884506,0.31511927E-12
128,-25.243040,-1.6533871,0.24177673E-12
129,-25.505987,-1.9163342,0.18587374E-12
130,-25.767185,-2.1775322,0.14314666E-12
131,-26.026863,-2.4372101,0.11040900E-12
132,-26.284014,-2.6943607,0.85373955E-13
133,-26.539717,-2.9500637,0.66111193E-13
134,-26.794300,-3.2046471,0.51252009E-13
135,-27.046591,-3.4569378,0.39823772E-13
136,-27.297096,-3.7074432,0.30999112E-13
137,-27.545273,-3.9556198,0.24186194E-13
138,-27.792606,-4.2029533,0.18886521E-13
139,-28.037449,-4.4477959,0.14784892E-13
140,-28.280830,-4.6911774,0.11590948E-13
141,-28.522779,-4.9331264,0.91000087E-14
142,-28.762747,-5.1730938,0.71585541E-14
143,-29.001457,-5.4118042,0.56383849E-14
144,-29.238098,-5.6484451,0.44502340E-14
145,-29.472450,-5.8827972,0.35205055E-14
146,-29.704988,-6.1153355,0.27900691E-14
147,-29.936810,-6.3471565,0.22127704E-14
148,-30.166920,-6.5772667,0.17579267E-14
149,-30.394751,-6.8050976,0.13997648E-14
150,-30.620857,-7.0312042,0.11164987E-14
151,-30.845623,-7.2559700,0.89175110E-15
152,-31.067736,-7.4780827,0.71413676E-15
153,-31.289322,-7.6996689,0.57219977E-15
154,-31.509060,-7.9194069,0.45932140E-15
155,-31.726557,-8.1369038,0.36953790E-15
156,-31.942554,-8.3529015,0.29775042E-15
157,-32.156883,-8.5672302,0.24030931E-15
158,-32.370323,-8.7806702,0.19412201E-15
159,-32.582047,-8.9923935,0.15708131E-15
160,-32.792171,-9.2025185,0.12731173E-15
161,-32.999836,-9.4101830,0.10343817E-15
162,-33.206860,-9.6172066,0.84095284E-16
163,-33.412937,-9.8232841,0.68434214E-16
164,-33.616394,-10.026741,0.55835849E-16
165,-33.819187,-10.229534,0.45587015E-16
166,-34.019642,-10.429989,0.37306524E-16
167,-34.218529,-10.628876,0.30578015E-16
168,-34.415543,-10.825890,0.25110034E-16
169,-34.610844,-11.021191,0.20655188E-16
170,-34.805496,-11.215843,0.17001710E-16
171,-34.997784,-11.408131,0.14027595E-16
172,-35.188709,-11.599056,0.11589515E-16
173,-35.377979,-11.788326,0.95910542E-17
174,-35.565956,-11.976303,0.79474727E-17
175,-35.752995,-12.163342,0.65917283E-17
176,-35.938030,-12.348377,0.54782183E-17
177,-36.120945,-12.531292,0.45624743E-17
178,-36.302532,-12.712879,0.38048550E-17
179,-36.482403,-12.892750,0.31784932E-17
180,-36.661907,-13.072254,0.26562172E-17
181,-36.839775,-13.250122,0.22233945E-17
182,-37.015987,-13.426334,0.18641826E-17
183,-37.190578,-13.600925,0.15655413E-17
184,-37.364208,-13.774555,0.13160066E-17
185,-37.536160,-13.946507,0.11081042E-17
186,-37.706829,-14.117176,0.93424270E-18
187,-37.876141,-14.286488,0.78873057E-18
188,-38.042797,-14.453144,0.66765283E-18
189,-38.208706,-14.619053,0.56558438E-18
190,-38.372925,-14.783272,0.47993014E-18
191,-38.535404,-14.945751,0.40795674E-18
192,-38.698257,-15.108604,0.34664733E-18
193,-38.857677,-15.268024,0.29556476E-18
194,-39.016987,-15.427334,0.25203767E-18
195,-39.174084,-15.584431,0.21539675E-18
196,-39.330330,-15.740677,0.18423931E-18
197,-39.484642,-15.894989,0.15789390E-18
198,-39.638615,-16.048962,0.13536174E-18
199,-39.791088,-16.201435,0.11621911E-18
200,-39.941265,-16.351612,0.10001301E-18
201,-40.089199,-16.499546,0.86260029E-19
202,-40.236362,-16.646709,0.74455593E-19
203,-40.384045,-16.794392,0.64233237E-19
204,-40.529388,-16.939735,0.55544080E-19
205,-40.672520,-17.082867,0.48136739E-19
206,-40.816154,-17.226501,0.41696239E-19
207,-40.958050,-17.368397,0.36180331E-19
208,-41.097755,-17.508102,0.31462926E-19
209,-41.236713,-17.647060,0.27381071E-19
210,-41.373379,-17.783726,0.23883470E-19
211,-41.507977,-17.918324,0.20875764E-19
212,-41.641960,-18.052307,0.18258035E-19
213,-41.774708,-18.185055,0.15988306E-19
214,-41.907009,-18.317356,0.14006987E-19
215,-42.037495,-18.447842,0.12293501E-19
216,-42.165718,-18.576065,0.10814062E-19
217,-42.293987,-18.704334,0.95122281E-20
218,-42.420948,-18.831295,0.83780681E-20
219,-42.545872,-18.956219,0.73941828E-20
220,-42.668285,-19.078632,0.65422426E-20
221,-42.790302,-19.200649,0.57907578E-20
222,-42.911022,-19.321369,0.51322449E-20
223,-43.030430,-19.440777,0.45545901E-20
224,-43.149742,-19.560089,0.40423379E-20
225,-43.265930,-19.676277,0.35989251E-20
226,-43.381821,-19.792168,0.32051047E-20
227,-43.495968,-19.906315,0.28593592E-20
228,-43.608940,-20.019287,0.25539094E-20
229,-43.720882,-20.131229,0.22834398E-20
230,-43.832043,-20.242390,0.20432112E-20
231,-43.941334,-20.351681,0.18316764E-20
232,-44.048973,-20.459320,0.16447565E-20
233,-44.155502,-20.565849,0.14785518E-20
234,-44.260281,-20.670628,0.13314716E-20
235,-44.365192,-20.775539,0.11988622E-20
236,-44.468063,-20.878410,0.10816656E-20
237,-44.567905,-20.978252,0.97888606E-21
238,-44.667892,-21.078239,0.88574423E-21
239,-44.767021,-21.177368,0.80215310E-21
240,-44.864429,-21.274776,0.72770164E-21
241,-44.960209,-21.370556,0.66123659E-21
242,-45.053493,-21.463840,0.60234309E-21
243,-45.146641,-21.556988,0.54877027E-21
244,-45.239307,-21.649654,0.50020264E-21
245,-45.331203,-21.741550,0.45628482E-21
246,-45.420757,-21.831104,0.41719900E-21
247,-45.509007,-21.919353,0.38195936E-21
248,-45.594048,-22.004395,0.35081995E-21
249,-45.679661,-22.090008,0.32203488E-21
250,-45.764515,-22.174862,0.29583614E-21
251,-45.848091,-22.258438,0.27211629E-21
252,-45.928143,-22.338490,0.25118207E-21
253,-46.008533,-22.418880,0.23177965E-21
254,-46.087341,-22.497688,0.21421484E-21
255,-46.165188,-22.575535,0.19817150E-21
256,-46.243462,-22.653809,0.18325142E-21
257,-46.318386,-22.728733,0.17002314E-21
258,-46.392269,-22.802616,0.15791415E-21
259,-46.463245,-22.873592,0.14709450E-21
260,-46.534126,-22.944473,0.13702925E-21
261,-46.604473,-23.014820,0.12772092E-21
262,-46.672993,-23.083340,0.11926263E-21
263,-46.738907,-23.149254,0.11165501E-21
264,-46.805828,-23.216175,0.10442746E-21
265,-46.871578,-23.281925,0.97782187E-22
266,-46.934238,-23.344585,0.91843150E-22
267,-46.995899,-23.406246,0.86351088E-22
268,-47.056042,-23.466389,0.81310809E-22
269,-47.114422,-23.524769,0.76699785E-22
270,-47.173828,-23.584175,0.72276029E-22
271,-47.229382,-23.639729,0.68370341E-22
272,-47.284653,-23.695000,0.64693965E-22
273,-47.339748,-23.750095,0.61226019E-22
274,-47.393673,-23.804020,0.58011878E-22
275,-47.445896,-23.856243,0.55060055E-22
276,-47.496723,-23.907070,0.52331445E-22
277,-47.545704,-23.956051,0.49829977E-22
278,-47.592617,-24.002964,0.47546281E-22
279,-47.639004,-24.049351,0.45391139E-22
280,-47.684292,-24.094639,0.43381313E-22
281,-47.728062,-24.138409,0.41523477E-22
282,-47.771481,-24.181828,0.39759154E-22
283,-47.814442,-24.224789,0.38087227E-22
284,-47.855671,-24.266018,0.36548850E-22
285,-47.894726,-24.305073,0.35148953E-22
286,-47.931858,-24.342205,0.33867730E-22
287,-47.969494,-24.379841,0.32616776E-22
288,-48.006039,-24.416386,0.31446321E-22
289,-48.041142,-24.451488,0.30361615E-22
290,-48.075825,-24.486172,0.29326630E-22
291,-48.108597,-24.518944,0.28381111E-22
292,-48.140842,-24.551189,0.27480544E-22
293,-48.170666,-24.581013,0.26673085E-22
294,-48.199924,-24.610271,0.25903968E-22
295,-48.229954,-24.640301,0.25137654E-22
296,-48.257156,-24.667503,0.24463063E-22
297,-48.283875,-24.694221,0.23818107E-22
298,-48.309834,-24.720181,0.23207770E-22
299,-48.334698,-24.745045,0.22637842E-22
300,-48.356857,-24.767204,0.22141716E-22
301,-48.378330,-24.788677,0.21671336E-22
302,-48.398624,-24.808971,0.21235965E-22
303,-48.418186,-24.828533,0.20824590E-22
304,-48.438496,-24.848843,0.20405919E-22
305,-48.455845,-24.866192,0.20054946E-22
306,-48.472805,-24.883152,0.19717679E-22
307,-48.488705,-24.899052,0.19406654E-22
308,-48.505165,-24.915512,0.19089826E-22
309,-48.520008,-24.930355,0.18808569E-22
310,-48.535084,-24.945431,0.18527145E-22
311,-48.546238,-24.956585,0.18321637E-22
312,-48.558285,-24.968632,0.18102244E-22
313,-48.568066,-24.978413,0.17926052E-22
314,-48.577248,-24.987595,0.17762208E-22
315,-48.587612,-24.997959,0.17579062E-22
316,-48.595345,-25.005692,0.17443658E-22
317,-48.602650,-25.012997,0.17316693E-22
318,-48.607822,-25.018169,0.17227350E-22
319,-48.614700,-25.025047,0.17109268E-22
320,-48.618534,-25.028881,0.17043801E-22
321,-48.620998,-25.031345,0.17001852E-22
322,-48.623135,-25.033482,0.16965571E-22
323,-48.625347,-25.035694,0.16928076E-22
324,-48.625557,-25.035904,0.16924525E-22
325,-48.626110,-25.036457,0.16915166E-22
326,-48.625034,-25.035381,0.16933371E-22
327,-48.623066,-25.033413,0.16966737E-22
328,-48.619072,-25.029419,0.17034637E-22
329,-48.614250,-25.024597,0.17116972E-22
330,-48.610310,-25.020657,0.17184555E-22
331,-48.606205,-25.016552,0.17255237E-22
332,-48.603973,-25.014320,0.17293786E-22
333,-48.597942,-25.008289,0.17398401E-22
334,-48.591763,-25.002110,0.17506253E-22
335,-48.583565,-24.993912,0.17650356E-22
336,-48.574490,-24.984837,0.17811264E-22
337,-48.566753,-24.977100,0.17949591E-22
338,-48.556480,-24.966827,0.18134937E-22
339,-48.545315,-24.955662,0.18338558E-22
340,-48.533634,-24.943981,0.18554020E-22
341,-48.520969,-24.931316,0.18790496E-22
342,-48.505909,-24.916256,0.19075632E-22
343,-48.489731,-24.900078,0.19386749E-22
344,-48.473106,-24.883453,0.19711738E-22
345,-48.457150,-24.867496,0.20028798E-22
346,-48.438713,-24.849060,0.20401483E-22
347,-48.420021,-24.830368,0.20786414E-22
348,-48.401310,-24.811657,0.21179011E-22
349,-48.379818,-24.790165,0.21639119E-22
350,-48.357571,-24.767918,0.22125926E-22
351,-48.334892,-24.745239,0.22633439E-22
352,-48.309559,-24.719906,0.23214146E-22
353,-48.286247,-24.696594,0.23761661E-22
354,-48.261326,-24.671673,0.24361276E-22
355,-48.234829,-24.645176,0.25015403E-22
356,-48.205769,-24.616116,0.25753025E-22
357,-48.174969,-24.585316,0.26558555E-22
358,-48.143497,-24.553844,0.27407678E-22
359,-48.110298,-24.520645,0.28332867E-22
360,-48.077374,-24.487720,0.29281242E-22
361,-48.041279,-24.451626,0.30357447E-22
362,-48.003635,-24.413982,0.31521986E-22
363,-47.966640,-24.376987,0.32709979E-22
364,-47.929085,-24.339432,0.33961784E-22
365,-47.892414,-24.302761,0.35230304E-22
366,-47.854084,-24.264431,0.36606898E-22
367,-47.813072,-24.223419,0.38139424E-22
368,-47.770313,-24.180660,0.39805590E-22
369,-47.728519,-24.138866,0.41504474E-22
370,-47.684635,-24.094982,0.43366423E-22
371,-47.639217,-24.049564,0.45381442E-22
372,-47.591679,-24.002026,0.47590924E-22
373,-47.543415,-23.953762,0.49944160E-22
374,-47.493916,-23.904263,0.52478584E-22
375,-47.442924,-23.853271,0.55223917E-22
376,-47.392269,-23.802616,0.58093371E-22
377,-47.340164,-23.750511,0.61200567E-22
378,-47.285419,-23.695766,0.64644381E-22
379,-47.230648,-23.640995,0.68283806E-22
380,-47.173374,-23.583721,0.72308852E-22
381,-47.114071,-23.524418,0.76726701E-22
382,-47.054207,-23.464554,0.81460137E-22
383,-46.993900,-23.404247,0.86523873E-22
384,-46.932785,-23.343132,0.91976732E-22
385,-46.871845,-23.282192,0.97756079E-22
386,-46.808025,-23.218372,0.10419825E-21
387,-46.743595,-23.153942,0.11113277E-21
388,-46.677677,-23.088024,0.11870524E-21
389,-46.609127,-23.019474,0.12712790E-21
390,-46.539349,-22.949696,0.13631551E-21
391,-46.471870,-22.882217,0.14583126E-21
392,-46.400169,-22.810516,0.15667150E-21
393,-46.327061,-22.737408,0.16855465E-21
394,-46.251804,-22.662151,0.18172895E-21
395,-46.176937,-22.587284,0.19585676E-21
396,-46.100021,-22.510368,0.21151572E-21
397,-46.022861,-22.433208,0.22848239E-21
398,-45.942661,-22.353008,0.24756157E-21
399,-45.861076,-22.271423,0.26860565E-21
400,-45.779556,-22.189903,0.29141968E-21
401,-45.696999,-22.107346,0.31649965E-21
402,-45.614002,-22.024349,0.34388883E-21
403,-45.529724,-21.940071,0.37412747E-21
404,-45.443867,-21.854214,0.40766835E-21
405,-45.353466,-21.763813,0.44623895E-21
406,-45.264832,-21.675179,0.48759692E-21
407,-45.172173,-21.582520,0.53493655E-21
408,-45.080349,-21.490696,0.58638215E-21
409,-44.988819,-21.399166,0.64258655E-21
410,-44.893833,-21.304180,0.70661611E-21
411,-44.796864,-21.207211,0.77856861E-21
412,-44.698368,-21.108715,0.85915773E-21
413,-44.598099,-21.008446,0.94977197E-21
414,-44.495251,-20.905598,0.10526541E-20
415,-44.393055,-20.803402,0.11659200E-20
416,-44.294849,-20.705196,0.12862307E-20
417,-44.191280,-20.601627,0.14265873E-20
418,-44.085918,-20.496265,0.15850992E-20
419,-43.979290,-20.389637,0.17634558E-20
420,-43.869617,-20.279964,0.19678625E-20
421,-43.761814,-20.172161,0.21918618E-20
422,-43.650055,-20.060402,0.24510351E-20
423,-43.538788,-19.949135,0.27395059E-20
424,-43.426525,-19.836872,0.30649776E-20
425,-43.310452,-19.720798,0.34422107E-20
426,-43.195301,-19.605648,0.38623058E-20
427,-43.079395,-19.489742,0.43369447E-20
428,-42.961922,-19.372269,0.48775529E-20
429,-42.847012,-19.257359,0.54715057E-20
430,-42.727253,-19.137600,0.61676166E-20
431,-42.603886,-19.014233,0.69774236E-20
432,-42.479450,-18.889797,0.79019942E-20
433,-42.356258,-18.766605,0.89379563E-20
434,-42.227932,-18.638279,0.10161777E-19
435,-42.102139,-18.512486,0.11523943E-19
436,-41.973103,-18.383450,0.13111147E-19
437,-41.843204,-18.253551,0.14929825E-19
438,-41.713634,-18.123981,0.16995198E-19
439,-41.583107,-17.993454,0.19364828E-19
440,-41.449913,-17.860260,0.22123765E-19
441,-41.313389,-17.723736,0.25360086E-19
442,-41.177235,-17.587582,0.29059071E-19
443,-41.040192,-17.450539,0.33327194E-19
444,-40.902615,-17.312962,0.38242628E-19
445,-40.763134,-17.173481,0.43966650E-19
446,-40.620232,-17.030579,0.50720683E-19
447,-40.477833,-16.888180,0.58482794E-19
448,-40.332447,-16.742794,0.67634507E-19
449,-40.188633,-16.598980,0.78095505E-19
450,-40.042339,-16.452686,0.90398356E-19
451,-39.895775,-16.306122,0.10466770E-18
452,-39.745636,-16.155983,0.12162340E-18
453,-39.595379,-16.005726,0.14134257E-18
454,-39.446270,-15.856617,0.16407037E-18
455,-39.290329,-15.700676,0.19175842E-18
456,-39.134895,-15.545242,0.22400537E-18
457,-38.978752,-15.389099,0.26186085E-18
458,-38.819805,-15.230152,0.30697314E-18
459,-38.662640,-15.072987,0.35921667E-18
460,-38.501904,-14.912251,0.42185508E-18
461,-38.341259,-14.751606,0.49537071E-18
462,-38.178326,-14.588673,0.58303060E-18
463,-38.013103,-14.423450,0.68777509E-18
464,-37.846470,-14.256817,0.81248342E-18
465,-37.679825,-14.090172,0.95981499E-18
466,-37.510124,-13.920471,0.11373328E-17
467,-37.339905,-13.750252,0.13483821E-17
468,-37.170055,-13.580402,0.15980029E-17
469,-36.999413,-13.409760,0.18953386E-17
470,-36.827808,-13.238155,0.22501610E-17
471,-36.651772,-13.062119,0.26832765E-17
472,-36.474968,-12.885315,0.32022130E-17
473,-36.299023,-12.709370,0.38182318E-17
474,-36.121216,-12.531563,0.45612389E-17
475,-35.940437,-12.350784,0.54650471E-17
476,-35.759270,-12.169617,0.65504933E-17
477,-35.579082,-11.989429,0.78438328E-17
478,-35.395023,-11.805370,0.94289689E-17
479,-35.206615,-11.616962,0.11383838E-16
480,-35.020123,-11.430470,0.13717709E-16
481,-34.832172,-11.242519,0.16554165E-16
482,-34.640606,-11.050953,0.20049500E-16
483,-34.447819,-10.858166,0.24312517E-16
484,-34.253822,-10.664169,0.29517632E-16
485,-34.057430,-10.467777,0.35923074E-16
486,-33.859921,-10.270267,0.43767413E-16
487,-33.664486,-10.074833,0.53214140E-16
488,-33.463810,-9.8741570,0.65039848E-16
489,-33.264187,-9.6745338,0.79409915E-16
490,-33.063831,-9.4741783,0.97025976E-16
491,-32.863522,-9.2738686,0.11854451E-15
492,-32.661041,-9.0713882,0.14515017E-15
493,-32.455204,-8.8655510,0.17832471E-15
494,-32.248711,-8.6590576,0.21922519E-15
495,-32.038918,-8.4492645,0.27039735E-15
496,-31.829424,-8.2397709,0.33341443E-15
497,-31.616320,-8.0266666,0.41260489E-15
498,-31.401672,-7.8120193,0.51139265E-15
499,-31.192789,-7.6031361,0.63018981E-15
500,-30.978069,-7.3884163,0.78112939E-15
501,-30.760969,-7.1713161,0.97052866E-15
502,-30.541035,-6.9513817,0.12092739E-14
503,-30.323637,-6.7339840,0.15029319E-14
504,-30.100077,-6.5104237,0.18794482E-14
505,-29.873621,-6.2839680,0.23571042E-14
506,-29.644379,-6.0547256,0.29644044E-14
507,-29.417860,-5.8282070,0.37180333E-14
508,-29.187744,-5.5980911,0.46800586E-14
509,-28.954803,-5.3651505,0.59076690E-14
510,-28.723885,-5.1342316,0.74422280E-14
511,-28.492268,-4.9026146,0.93819461E-14
512,-28.256413,-4.6667595,0.11877459E-13
513,-28.021809,-4.4321556,0.15017950E-13
514,-27.781277,-4.1916237,0.19101714E-13
515,-27.538862,-3.9492092,0.24341740E-13
516,-27.304138,-3.7144852,0.30781587E-13
517,-27.060719,-3.4710655,0.39265110E-13
518,-26.814762,-3.2251091,0.50213943E-13
519,-26.569643,-2.9799900,0.64162041E-13
520,-26.322910,-2.7332573,0.82116951E-13
521,-26.073967,-2.4843140,0.10532890E-12
522,-25.824772,-2.2351189,0.13513616E-12
523,-25.574631,-1.9849777,0.17354277E-12
524,-25.324646,-1.7349930,0.22282993E-12
525,-25.068092,-1.4784393,0.28800058E-12
526,-24.812317,-1.2226639,0.37194198E-12
527,-24.558174,-0.96852112,0.47956561E-12
528,-24.301247,-0.71159363,0.62005501E-12
529,-24.039421,-0.44976807,0.80563740E-12
530,-23.777382,-0.18772888,0.10469882E-11
531,-23.514906,0.74747086E-01,0.13612366E-11
532,-23.251932,0.33772087,0.17706867E-11
533,-22.988062,0.60159111,0.23053618E-11
534,-22.721746,0.86790657,0.30088354E-11
535,-22.450092,1.1395607,0.39479925E-11
536,-22.180967,1.4086857,0.51672065E-11
537,-21.907511,1.6821423,0.67922946E-11
538,-21.633522,1.9561310,0.89332257E-11
539,-21.361034,2.2286186,0.11731355E-10
540,-21.086946,2.5027065,0.15430608E-10
541,-20.808989,2.7806644,0.20375047E-10
542,-20.531382,3.0582714,0.26894395E-10
543,-20.252823,3.3368301,0.35533528E-10
544,-19.974976,3.6146774,0.46914365E-10
545,-19.693436,3.8962173,0.62169464E-10
546,-19.415863,4.1737900,0.82058839E-10
547,-19.135538,4.4541149,0.10860977E-09
548,-18.852531,4.7371216,0.14413755E-09
549,-18.572247,5.0174065,0.19076703E-09
550,-18.281647,5.3080063,0.25509928E-09
551,-18.000099,5.5895538,0.33805223E-09
552,-17.713964,5.8756886,0.45003939E-09
553,-17.426870,6.1627827,0.59969979E-09
554,-17.138481,6.4511719,0.80016532E-09
555,-16.850197,6.7394562,0.10675298E-08
556,-16.563150,7.0265026,0.14224687E-08
557,-16.274149,7.3155041,0.18991291E-08
558,-15.993063,7.5965900,0.25155245E-08
559,-15.705060,7.8845930,0.33551089E-08
560,-15.417995,8.1716576,0.44707171E-08
561,-15.133838,8.4558153,0.59399845E-08
562,-14.845512,8.7441406,0.79250757E-08
563,-14.554602,9.0350513,0.10600939E-07
564,-14.268348,9.3213053,0.14114415E-07
565,-13.978404,9.6112490,0.18861828E-07
566,-13.691038,9.8986149,0.25141155E-07
567,-13.403552,10.186101,0.33514969E-07
568,-13.116718,10.472935,0.44648733E-07
569,-12.829506,10.760147,0.59503691E-07
570,-12.543623,11.046030,0.79195644E-07
571,-12.263662,11.325991,0.10478200E-06
572,-11.981195,11.608458,0.13898261E-06
573,-11.705991,11.883662,0.18301232E-06
574,-11.423717,12.165936,0.24270017E-06
575,-11.144180,12.445473,0.32097523E-06
576,-10.870817,12.718836,0.42188259E-06
577,-10.589355,13.000298,0.55902200E-06
578,-10.310033,13.279620,0.73915783E-06
579,-10.034955,13.554698,0.97319969E-06
580,-9.7562561,13.833397,0.12859952E-05
581,-9.4787245,14.110929,0.16973437E-05
582,-9.2065382,14.383115,0.22283264E-05
583,-8.9352598,14.654393,0.29227624E-05
584,-8.6694927,14.920160,0.38125422E-05
585,-8.4061279,15.183525,0.49612668E-05
586,-8.1427374,15.446916,0.64562691E-05
587,-7.8847799,15.704873,0.83562436E-05
588,-7.6329556,15.956697,0.10749222E-04
589,-7.3781452,16.211508,0.13868828E-04
590,-7.1243248,16.465328,0.17876093E-04
591,-6.8688908,16.720762,0.23078424E-04
592,-6.6218910,16.967762,0.29544510E-04
593,-6.3800850,17.209568,0.37626327E-04
594,-6.1331806,17.456472,0.48163834E-04
595,-5.8893108,17.700342,0.61465631E-04
596,-5.6540966,17.935556,0.77765071E-04
597,-5.4193764,18.170277,0.98338205E-04
598,-5.1887245,18.400928,0.12384917E-03
599,-4.9680710,18.621582,0.15442647E-03
600,-4.7536469,18.836006,0.19135726E-03
601,-4.5340939,19.055559,0.23833927E-03
602,-4.3116474,19.278006,0.29771647E-03
603,-4.0974388,19.492214,0.36883526E-03
604,-3.8930283,19.696625,0.45248776E-03
605,-3.6948738,19.894779,0.55165077E-03
606,-3.4982224,20.091431,0.67153532E-03
607,-3.3028202,20.286833,0.81645255E-03
608,-3.1136742,20.475979,0.98645221E-03
609,-2.9288216,20.660831,0.11867426E-02
610,-2.7467747,20.842878,0.14236999E-02
611,-2.5746498,21.015003,0.16911080E-02
612,-2.4104958,21.179157,0.19927945E-02
613,-2.2356453,21.354008,0.23735540E-02
614,-2.0771084,21.512545,0.27813192E-02
615,-1.9165154,21.673138,0.32658447E-02
616,-1.7628307,21.826822,0.38083766E-02
617,-1.6127853,21.976868,0.44249031E-02
618,-1.4825153,22.107138,0.50405660E-02
619,-1.3508816,22.238771,0.57497257E-02
620,-1.2249699,22.364683,0.65212357E-02
621,-1.0962029,22.493450,0.74174167E-02
622,-0.96985626,22.619797,0.84163602E-02
623,-0.86542511,22.724228,0.93428241E-02
624,-0.76348877,22.826164,0.10345431E-01
625,-0.67375946,22.915894,0.11316640E-01
626,-0.57462883,23.015024,0.12495954E-01
627,-0.49272156,23.096931,0.13562548E-01
628,-0.41005135,23.179602,0.14731416E-01
629,-0.34035301,23.249300,0.15794799E-01
630,-0.26525307,23.324400,0.17026665E-01
631,-0.19987679,23.389776,0.18176997E-01
632,-0.15866089,23.430992,0.18941833E-01
633,-0.11549377,23.474159,0.19777402E-01
634,-0.74752808E-01,23.514900,0.20599790E-01
635,-0.46798706E-01,23.542854,0.21183763E-01
636,-0.26491165E-01,23.563162,0.21618351E-01
637,-0.10246277E-01,23.579407,0.21972407E-01
638,0.0000000,23.589653,0.22198699E-01
639,-0.64334869E-02,23.583220,0.22056343E-01
640,-0.24555206E-01,23.565098,0.21660244E-01
641,-0.44914246E-01,23.544739,0.21223722E-01
642,-0.71052551E-01,23.518600,0.20676157E-01
643,-0.11457825,23.475075,0.19795517E-01
644,-0.15889168,23.430761,0.18937461E-01
645,-0.21888161,23.370771,0.17834809E-01
646,-0.28546143,23.304192,0.16686037E-01
647,-0.35882568,23.230827,0.15505705E-01
648,-0.44622040,23.143433,0.14208117E-01
649,-0.55166245,23.037991,0.12786261E-01
650,-0.65126801,22.938385,0.11574052E-01
651,-0.76461029,22.825043,0.10333834E-01
652,-0.87900734,22.710646,0.92167864E-02
653,-1.0085640,22.581089,0.80968067E-02
654,-1.1500511,22.439602,0.70285653E-02
655,-1.2917519,22.297901,0.60999580E-02
656,-1.4565716,22.133081,0.51730485E-02
657,-1.6191635,21.970490,0.43967701E-02
658,-1.7901859,21.799467,0.37056096E-02
659,-1.9727688,21.616884,0.30872014E-02
660,-2.1864853,21.403168,0.24931536E-02
661,-2.4035072,21.186146,0.20067699E-02
662,-2.6529198,20.936733,0.15637926E-02
663,-2.8812504,20.708403,0.12445616E-02
664,-3.1359596,20.453693,0.96471177E-03
665,-3.3863316,20.203321,0.75103884E-03
666,-3.6724339,19.917219,0.56416972E-03
667,-3.9680138,19.621639,0.41979866E-03
668,-4.2909851,19.298668,0.30393197E-03
669,-4.5877037,19.001949,0.22589840E-03
670,-4.9059925,18.683661,0.16431684E-03
671,-5.2667217,18.322931,0.11455639E-03
672,-5.6216106,17.968042,0.80332829E-04
673,-5.9873695,17.602283,0.55724475E-04
674,-6.3573856,17.232267,0.38490190E-04
675,-6.7559967,16.833656,0.25836604E-04
676,-7.1657505,16.423903,0.17150691E-04
677,-7.5890970,16.000557,0.11231158E-04
678,-8.0304861,15.559167,0.72232347E-05
679,-8.4676943,15.121959,0.46650321E-05
680,-8.8941135,14.695539,0.30455317E-05
681,-9.3480663,14.241587,0.19342558E-05
682,-9.8340721,13.755581,0.11897187E-05
683,-10.322473,13.267180,0.73001985E-06
684,-10.825547,12.764106,0.44142013E-06
685,-11.324445,12.265208,0.26803016E-06
686,-11.875252,11.714401,0.15451521E-06
687,-12.415141,11.174512,0.90053426E-07
688,-12.980064,10.609589,0.51186706E-07
689,-13.542454,10.047199,0.29168532E-07
690,-14.127107,9.4625463,0.16255601E-07
691,-14.712986,8.8766670,0.90481311E-08
692,-15.328591,8.2610617,0.48888293E-08
693,-15.998024,7.5916290,0.25030757E-08
694,-16.656662,6.9329910,0.12954813E-08
695,-17.350685,6.2389679,0.64717354E-09
696,-18.094837,5.4948158,0.30749608E-09
697,-18.799791,4.7898617,0.15194342E-09
698,-19.521620,4.0680332,0.73823697E-10
699,-20.315464,3.2741890,0.33375948E-10
700,-21.102192,2.4874611,0.15197146E-10
701,-21.833672,1.7559814,0.73128127E-11
702,-22.619736,0.96991730,0.33319703E-11
703,-23.436922,0.15273094,0.14716401E-11
704,-24.307098,-0.71744537,0.61643719E-12
705,-25.200581,-1.6109276,0.25226351E-12
706,-26.093935,-2.5042820,0.10324655E-12
707,-26.951349,-3.3616962,0.43803143E-13
708,-27.856972,-4.2673187,0.17709179E-13
709,-28.780457,-5.1908035,0.70328938E-14
710,-29.705105,-6.1154518,0.27897445E-14
711,-30.686001,-7.0963478,0.10460844E-14
712,-31.655329,-8.0656757,0.39681945E-15
713,-32.660477,-9.0708237,0.14523214E-15
714,-33.673130,-10.083477,0.52756137E-16
715,-34.694820,-11.105167,0.18991466E-16
716,-35.756104,-12.166451,0.65712663E-17
717,-36.807663,-13.218010,0.22959510E-17
718,-37.941998,-14.352345,0.73846063E-18
719,-39.111591,-15.521938,0.22928689E-18
720,-40.285690,-16.696037,0.70871975E-19
721,-41.446972,-17.857319,0.22188929E-19
722,-42.604969,-19.015316,0.69698683E-20
723,-43.757534,-20.167881,0.22012631E-20
724,-45.000263,-21.410610,0.63527466E-21
725,-46.245487,-22.655834,0.18288060E-21
726,-47.559956,-23.970303,0.49124852E-22
727,-48.839493,-25.249840,0.13664863E-22
728,-50.179775,-26.590122,0.35770748E-23
729,-51.538822,-27.949169,0.91897030E-24
730,-52.936798,-29.347145,0.22707443E-24
731,-54.302773,-30.713120,0.57933945E-25
732,-55.663952,-32.074299,0.14851846E-25
733,-57.098267,-33.508614,0.35388766E-26
734,-58.589851,-35.000198,0.79630304E-27
735,-60.079906,-36.490253,0.17945506E-27
736,-61.534786,-37.945133,0.41889912E-28
737,-62.955200,-39.365547,0.10121188E-28
738,-64.487625,-40.897972,0.21862901E-29
739,-66.010559,-42.420906,0.47676673E-30
740,-67.548218,-43.958565,0.10244936E-30
741,-69.140198,-45.550545,0.20850725E-31
742,-70.740601,-47.150948,0.42079935E-32
743,-72.282730,-48.693077,0.90019523E-33
744,-73.940643,-50.350990,0.17151976E-33
745,-75.561829,-51.972176,0.33903326E-34
746,-77.224564,-53.634911,0.64287380E-35
747,-78.918823,-55.329170,0.11811855E-35
748,-80.757858,-57.168205,0.18777394E-36
749,-82.703827,-59.114174,0.26823280E-37
750,-84.463821,-60.874168,0.46148332E-38
